{
  "loss": [
    0.4160960018634796,
    0.25159981846809387,
    0.18880777060985565,
    0.16384060680866241,
    0.15820659697055817,
    0.15283764898777008,
    0.15168434381484985,
    0.1503651738166809,
    0.14755438268184662,
    0.146475687623024,
    0.1445220410823822,
    0.1450933963060379,
    0.14630307257175446,
    0.14528706669807434,
    0.14465761184692383,
    0.14327216148376465,
    0.14287734031677246
  ],
  "accuracy": [
    0.8358885049819946,
    0.9662020802497864,
    0.9895470142364502,
    0.9947735071182251,
    0.9958187937736511,
    0.996515691280365,
    0.9972125291824341,
    0.9968641400337219,
    0.9972125291824341,
    0.997909426689148,
    0.9982578158378601,
    0.9982578158378601,
    0.998606264591217,
    0.997909426689148,
    0.998954713344574,
    0.998954713344574,
    0.998606264591217
  ],
  "auc": [
    0.9729765057563782,
    0.9957700371742249,
    0.9979955554008484,
    0.9992995858192444,
    0.9993222951889038,
    0.9995038509368896,
    0.9994214773178101,
    0.9998276829719543,
    0.9998955726623535,
    0.9999452829360962,
    0.9999904036521912,
    0.9999608993530273,
    0.9999953508377075,
    0.9999740123748779,
    0.9999923706054688,
    0.9999964833259583,
    0.9999926686286926
  ],
  "val_loss": [
    0.3315013647079468,
    0.2037174105644226,
    0.16066992282867432,
    0.1545809805393219,
    0.152165949344635,
    0.15210513770580292,
    0.15607106685638428,
    0.15381984412670135,
    0.15240246057510376,
    0.15165925025939941,
    0.15226496756076813,
    0.15177488327026367,
    0.15406204760074615,
    0.1556948721408844,
    0.1566557139158249,
    0.15672768652439117,
    0.15544191002845764
  ],
  "val_accuracy": [
    0.9913544654846191,
    0.9913544654846191,
    0.9913544654846191,
    0.9913544654846191,
    0.9913544654846191,
    0.9913544654846191,
    0.9913544654846191,
    0.9913544654846191,
    0.9913544654846191,
    0.9913544654846191,
    0.9913544654846191,
    0.9913544654846191,
    0.9913544654846191,
    0.9884726405143738,
    0.9884726405143738,
    0.9884726405143738,
    0.9884726405143738
  ],
  "val_auc": [
    1.0,
    1.0000001192092896,
    0.9999175071716309,
    1.0,
    1.0,
    1.0,
    1.0,
    1.0,
    1.0,
    1.0,
    1.0,
    1.0,
    1.0,
    1.0,
    1.0,
    1.0000001192092896,
    1.0000001192092896
  ],
  "lr": [
    0.0003000000142492354,
    0.0003000000142492354,
    0.0003000000142492354,
    0.0003000000142492354,
    0.0003000000142492354,
    0.0003000000142492354,
    0.0003000000142492354,
    0.0003000000142492354,
    0.0003000000142492354,
    0.0001500000071246177,
    0.0001500000071246177,
    0.0001500000071246177,
    0.0001500000071246177,
    0.0001500000071246177,
    7.500000356230885e-05,
    7.500000356230885e-05,
    7.500000356230885e-05
  ]
}