{
  "loss": [
    0.2944227457046509,
    0.09482026845216751,
    0.041180990636348724,
    0.01808680035173893,
    0.02464866079390049,
    0.014050914905965328,
    0.013656780123710632,
    0.010413634590804577,
    0.013439372181892395
  ],
  "accuracy": [
    0.8767064809799194,
    0.9769624471664429,
    0.99274742603302,
    0.9978668689727783,
    0.9974402785301208,
    0.9982935190200806,
    0.9982935190200806,
    0.9991467595100403,
    0.9970136284828186
  ],
  "precision": [
    0.835231602191925,
    0.9737288355827332,
    0.9940119981765747,
    0.9974424839019775,
    0.9982905983924866,
    0.9982935190200806,
    0.9982935190200806,
    0.9991467595100403,
    0.9982891082763672
  ],
  "recall": [
    0.9385665655136108,
    0.9803754091262817,
    0.9914675951004028,
    0.9982935190200806,
    0.9965870380401611,
    0.9982935190200806,
    0.9982935190200806,
    0.9991467595100403,
    0.9957337975502014
  ],
  "auc": [
    0.9586792588233948,
    0.9972211122512817,
    0.9994513988494873,
    0.9999418258666992,
    0.9982768297195435,
    0.9999730587005615,
    0.9998370409011841,
    0.9994961619377136,
    0.9994142651557922
  ],
  "val_loss": [
    0.42699843645095825,
    0.6149301528930664,
    0.8668364882469177,
    0.8878188729286194,
    1.2199081182479858,
    1.0639052391052246,
    1.357049822807312,
    1.7899943590164185,
    1.7827272415161133
  ],
  "val_accuracy": [
    0.8069705367088318,
    0.7935656905174255,
    0.7828418016433716,
    0.8123324513435364,
    0.7828418016433716,
    0.8150134086608887,
    0.7694370150566101,
    0.7345844507217407,
    0.7426273226737976
  ],
  "val_precision": [
    0.6228070259094238,
    0.6321839094161987,
    0.6091954112052917,
    0.6470588445663452,
    0.6091954112052917,
    0.6962025165557861,
    0.5853658318519592,
    0.5072463750839233,
    0.5277777910232544
  ],
  "val_recall": [
    0.7099999785423279,
    0.550000011920929,
    0.5299999713897705,
    0.6600000262260437,
    0.5299999713897705,
    0.550000011920929,
    0.47999998927116394,
    0.3499999940395355,
    0.3799999952316284
  ],
  "val_auc": [
    0.8820695877075195,
    0.8722710609436035,
    0.859377384185791,
    0.832216203212738,
    0.7308791279792786,
    0.7638460993766785,
    0.7506043910980225,
    0.672912061214447,
    0.683553159236908
  ],
  "lr": [
    0.0005000000237487257,
    0.0005000000237487257,
    0.0005000000237487257,
    0.0005000000237487257,
    0.0005000000237487257,
    0.0002500000118743628,
    0.0002500000118743628,
    0.0002500000118743628,
    0.0002500000118743628
  ]
}