{
  "loss": [
    0.6011378765106201,
    0.4182736277580261,
    0.3017246425151825,
    0.22662493586540222,
    0.187608540058136,
    0.16106203198432922,
    0.15415987372398376,
    0.15054887533187866,
    0.14960262179374695,
    0.14892396330833435
  ],
  "accuracy": [
    0.682034969329834,
    0.8966613411903381,
    0.9419713616371155,
    0.976947546005249,
    0.9896661639213562,
    0.9988076090812683,
    0.9992051124572754,
    0.9992051124572754,
    1.0,
    1.0
  ],
  "auc": [
    0.786171019077301,
    0.9566576480865479,
    0.9856529235839844,
    0.9965527057647705,
    0.9993894696235657,
    0.9999983906745911,
    0.9999973773956299,
    0.9999993443489075,
    1.0,
    1.0
  ],
  "val_loss": [
    0.5581221580505371,
    0.48602816462516785,
    0.4316074550151825,
    0.4538227319717407,
    0.4743214249610901,
    0.6057772636413574,
    0.6409454941749573,
    0.6627089381217957,
    0.6688659191131592,
    0.7010356187820435
  ],
  "val_accuracy": [
    0.6992481350898743,
    0.8421052694320679,
    0.8571428656578064,
    0.8383458852767944,
    0.8007518649101257,
    0.7706766724586487,
    0.7518796920776367,
    0.7406014800071716,
    0.7518796920776367,
    0.7518796920776367
  ],
  "val_auc": [
    0.9238131046295166,
    0.9379259347915649,
    0.9630849361419678,
    0.9628577828407288,
    0.9709790945053101,
    0.9453089237213135,
    0.9426113367080688,
    0.9368468523025513,
    0.9375567436218262,
    0.9360518455505371
  ],
  "lr": [
    0.0003000000142492354,
    0.0003000000142492354,
    0.0003000000142492354,
    0.0003000000142492354,
    0.0003000000142492354,
    0.0003000000142492354,
    0.0003000000142492354,
    0.0001500000071246177,
    0.0001500000071246177,
    0.0001500000071246177
  ]
}